{"cameraMode":{"drawMode":0,"name":"Shaded","section":"Shading Mode"},"sceneLighting":false,"audioPlay":false,"sceneViewState":{"m_AlwaysRefresh":false,"showFog":true,"showSkybox":false,"showFlares":true,"showImageEffects":true,"showParticleSystems":true,"showVisualEffectGraphs":true,"m_FxEnabled":true},"in2DMode":false,"pivot":{"x":-0.036283791065216067,"y":0.22959017753601075,"z":0.05347639322280884},"rotation":{"x":0.09285937249660492,"y":0.01194788608700037,"z":-0.001114367856644094,"w":0.9956076145172119},"size":0.3058800995349884,"orthographic":false}